CO(GT),PT08.S1(CO),NMHC(GT),C6H6(GT),PT08.S1(CO),RH,AH,T,Predicted,% Change
936.0,936.0,936.0,936.0,936.0,936.0,936.0,936.0,936.0,936.0
-38.21527777777778,1051.340811965812,-163.23824786324786,2.8177350427350425,1051.340811965812,40.38344017094016,0.050722649572649464,10.776175213675213,10.983012820512819,25.28963675213675
80.89210845434884,320.2071593507037,131.48932113662124,39.51752668219996,320.2071593507037,49.118464603964995,38.83312509662627,41.27562576194158,41.042605747298474,373.4416906707002
-200.0,-200.0,-200.0,-200.0,-200.0,-200.0,-200.0,-200.0,-199.5,-2788.5
0.5,922.75,-200.0,4.3,922.75,34.375,0.68255,11.1,11.6,-13.7
1.5,1051.5,-200.0,8.2,1051.5,48.5,0.99725,17.7,18.1,2.55
2.6,1222.25,-200.0,13.8,1222.25,62.6,13.18375,24.025,24.6,14.1
11.9,2008.0,926.0,63.7,2008.0,86.5,21.719,44.3,36.3,8234.4
