CO(GT),PT08.S1(CO),NMHC(GT),C6H6(GT),PT08.S1(CO),RH,AH,T,Predicted,% Change
936.0,936.0,936.0,936.0,936.0,936.0,936.0,936.0,936.0,936.0
-35.52628205128205,1054.9188034188035,-157.77564102564102,1.1393162393162395,1054.9188034188035,37.99807692307692,-2.2584898504273494,8.598290598290598,8.54284188034188,9.88344017094017
78.92769813642069,351.76553297830054,143.2654351311996,44.29786988230372,351.76553297830054,54.375445037588314,43.38220730158536,46.05554861872939,45.77201153123613,62.89839538963669
-200.0,-200.0,-200.0,-200.0,-200.0,-200.0,-200.0,-200.0,-199.5,-106.7
0.6,932.75,-200.0,4.3,932.75,33.875,0.675125,10.975,10.674999999999999,-16.05
1.5,1061.0,-200.0,8.350000000000001,1061.0,48.349999999999994,0.97235,17.25,17.5,1.45
2.7,1225.25,-200.0,14.325000000000001,1225.25,61.7,12.9965,24.2,24.8,12.9
11.9,2040.0,840.0,50.6,2040.0,87.2,21.17,44.6,35.0,763.6
